[{"id":"fe793038-c960-45c4-bcdc-2a62afbb025b","nome":"Flávio José Braga Haber","endereco":"Rua Maestro Joaquim Bernardes Loyola, 175","bairro":"Santa Rita","cidade":"Mendes","estado":"RJ"},{"id":"5c7a9317-d4a5-4721-be47-e5f5646fb18b","nome":"Flávio José Braga Haber 1 2 3","endereco":"Rua Maestro Joaquim Bernardes Loyola, 175","bairro":"Santa Rita","cidade":"Mendes","estado":"RJ"},{"id":"b6109429-6b3b-47b8-89d6-d794ee7b7462","nome":"Flávio José Braga Haber 1 2 3","endereco":"Rua Maestro Joaquim Bernardes Loyola, 175","bairro":"Santa Rita","cidade":"Mendes","estado":"RJ"},{"id":"fbc82c06-3432-414d-8bdd-97616eda558d","nome":"Flávio José Braga Haber 1 2 3","endereco":"Rua Maestro Joaquim Bernardes Loyola, 175","bairro":"Santa Rita","cidade":"Mendes","estado":"RJ"},{"id":"5aa7697f-f192-4df1-916b-50a5d674e704","nome":"Maria José","endereco":"Rua A, apto 20, bla ","bairro":"Centro","cidade":"Mendes","estado":"RJ"}]